Timestamp,What's your rating out of 5?,What would you like to convey?
2019/07/17 9:03:28 AM GMT+5:30,4,That was a very exciting show!
2019/07/17 9:03:28 AM GMT+5:31,4,you look extremely beautiful
2019/07/17 9:03:28 AM GMT+5:32,4,you look extremely beautiful
2019/07/17 9:03:28 AM GMT+5:33,4,you look extremely beautiful
2019/07/17 9:03:28 AM GMT+5:34,4,you look extremely beautiful
2019/07/17 9:03:28 AM GMT+5:35,4,you look extremely beautiful
2019/07/17 9:03:28 AM GMT+5:36,4,you look extremely beautiful
2019/07/17 9:03:28 AM GMT+5:37,4,you look extremely beautiful
2019/07/17 9:03:28 AM GMT+5:38,4,you look extremely beautiful
2019/07/17 9:03:28 AM GMT+5:39,4,you look extremely beautiful
2019/07/17 9:03:28 AM GMT+5:40,4,you look extremely beautiful
2019/07/17 9:03:28 AM GMT+5:41,4,you look extremely beautiful
2019/07/17 9:03:28 AM GMT+5:42,4,you look extremely beautiful
2019/07/17 9:03:28 AM GMT+5:43,4,you look extremely beautiful
2019/07/17 9:03:28 AM GMT+5:44,4,you look extremely beautiful
2019/07/17 9:03:28 AM GMT+5:45,4,you look extremely beautiful
2019/07/17 9:03:28 AM GMT+5:46,4,you look extremely beautiful
2019/07/17 9:03:28 AM GMT+5:47,4,you look extremely beautiful
2019/07/17 9:03:28 AM GMT+5:48,4,you look extremely beautiful
2019/07/17 9:03:28 AM GMT+5:49,4,you look extremely beautiful
2019/07/17 9:03:28 AM GMT+5:50,4,you look extremely beautiful
2019/07/17 9:03:28 AM GMT+5:51,4,you look extremely beautiful
2019/07/17 9:03:28 AM GMT+5:52,4,you look extremely beautiful
2019/07/17 9:03:28 AM GMT+5:53,4,you look extremely beautiful
2019/07/17 9:03:28 AM GMT+5:54,4,you look extremely beautiful
2019/07/17 9:03:28 AM GMT+5:55,4,you look extremely beautiful
2019/07/17 9:03:28 AM GMT+5:56,4,you look extremely beautiful
2019/07/17 9:03:28 AM GMT+5:57,4,you look extremely beautiful
2019/07/17 9:03:28 AM GMT+5:58,4,you look extremely beautiful
2019/07/17 9:03:28 AM GMT+5:59,4,you look extremely beautiful
2019/07/17 9:03:28 AM GMT+5:60,4,you look extremely beautiful
2019/07/17 9:03:28 AM GMT+5:61,4,you look extremely beautiful
2019/07/17 9:03:28 AM GMT+5:62,4,you look extremely beautiful
2019/07/17 9:03:28 AM GMT+5:63,4,you look extremely beautiful
2019/07/17 9:03:28 AM GMT+5:64,4,you look extremely beautiful
2019/07/17 9:03:28 AM GMT+5:65,4,you look extremely beautiful
2019/07/17 9:03:28 AM GMT+5:66,4,you look extremely beautiful
2019/07/17 9:03:28 AM GMT+5:67,4,you look extremely beautiful
2019/07/17 9:03:28 AM GMT+5:68,4,you look extremely beautiful
2019/07/17 9:03:28 AM GMT+5:69,4,you look extremely beautiful
2019/07/17 9:03:28 AM GMT+5:70,4,you look extremely beautiful
2019/07/17 9:03:28 AM GMT+5:71,4,you look extremely beautiful
2019/07/17 9:03:28 AM GMT+5:72,4,you look extremely beautiful
2019/07/17 9:03:28 AM GMT+5:73,4,you look extremely beautiful
2019/07/17 9:03:28 AM GMT+5:74,4,you look extremely beautiful
2019/07/17 9:03:28 AM GMT+5:75,4,you look extremely beautiful
2019/07/17 9:03:28 AM GMT+5:76,4,you look extremely beautiful
2019/07/17 9:03:28 AM GMT+5:77,4,you look extremely beautiful
2019/07/17 9:03:28 AM GMT+5:78,4,you look extremely beautiful
2019/07/17 9:03:28 AM GMT+5:79,4,you look extremely beautiful
2019/07/17 9:03:28 AM GMT+5:80,4,you look extremely beautiful
2019/07/17 9:03:28 AM GMT+5:81,4,you look extremely beautiful
2019/07/17 9:03:28 AM GMT+5:82,4,you look extremely beautiful
2019/07/17 9:03:28 AM GMT+5:83,4,you look extremely beautiful
2019/07/17 9:03:28 AM GMT+5:84,4,you look extremely beautiful
2019/07/17 9:03:28 AM GMT+5:85,4,you look extremely beautiful
2019/07/17 9:03:28 AM GMT+5:86,4,you look extremely beautiful
2019/07/17 9:03:28 AM GMT+5:87,4,you look extremely beautiful
2019/07/17 9:03:28 AM GMT+5:88,4,you look extremely beautiful
2019/07/17 9:03:28 AM GMT+5:89,4,you look extremely beautiful
2019/07/17 9:03:28 AM GMT+5:90,4,you look extremely beautiful
2019/07/17 9:03:28 AM GMT+5:91,4,you look extremely beautiful
2019/07/17 9:03:28 AM GMT+5:92,4,you look extremely beautiful
2019/07/17 9:03:28 AM GMT+5:93,4,you look extremely beautiful
2019/07/17 9:03:28 AM GMT+5:94,4,you look extremely beautiful
2019/07/17 9:03:28 AM GMT+5:95,4,you look extremely beautiful
2019/07/17 9:03:28 AM GMT+5:96,4,you look extremely beautiful
2019/07/17 9:03:28 AM GMT+5:97,4,you look extremely beautiful
2019/07/17 9:03:28 AM GMT+5:98,4,you look extremely beautiful
2019/07/17 9:03:28 AM GMT+5:99,4,you look extremely beautiful
2019/07/17 9:03:28 AM GMT+5:100,4,you look extremely beautiful
2019/07/17 9:03:28 AM GMT+5:101,4,you look extremely beautiful
2019/07/17 9:03:28 AM GMT+5:102,4,you look extremely beautiful
2019/07/17 9:03:28 AM GMT+5:103,4,you look extremely beautiful
2019/07/17 9:03:28 AM GMT+5:104,4,you look extremely beautiful
2019/07/17 9:03:28 AM GMT+5:105,4,you look extremely beautiful
2019/07/17 9:03:28 AM GMT+5:106,4,you look extremely beautiful
2019/07/17 9:03:28 AM GMT+5:107,4,you look extremely beautiful
2019/07/17 9:03:28 AM GMT+5:108,4,you look extremely beautiful
2019/07/17 9:03:28 AM GMT+5:109,4,you look extremely beautiful
2019/07/17 9:03:28 AM GMT+5:110,4,you look extremely beautiful
2019/07/17 9:03:28 AM GMT+5:111,4,you look extremely beautiful
2019/07/17 9:03:28 AM GMT+5:112,4,you look extremely beautiful
2019/07/17 9:03:28 AM GMT+5:113,4,you look extremely beautiful
2019/07/17 9:03:28 AM GMT+5:114,4,you look extremely beautiful
2019/07/17 9:03:28 AM GMT+5:115,4,you look extremely beautiful
2019/07/17 9:03:28 AM GMT+5:116,4,you look extremely beautiful
2019/07/17 9:03:28 AM GMT+5:117,4,"I would like this because of the design. However, I expected a lot."
2019/07/17 9:03:28 AM GMT+5:118,4,you look extremely beautiful
2019/07/17 9:03:28 AM GMT+5:119,4,you look extremely beautiful
2019/07/17 9:03:28 AM GMT+5:120,4,I hate you
2019/07/17 9:03:28 AM GMT+5:121,4,you look extremely beautiful
2019/07/17 9:03:28 AM GMT+5:122,4,I hate you
2019/07/17 9:03:28 AM GMT+5:123,4,I hate you
